Name - User Name
Austin Lindenberg - alindenberg
Jose Bohorques - Jose
Colton Moler - cmoler
Doug Hewitt - Doug Hewitt
Jordan Young - jordan-a-young
James Ziegenfelder - James Ziegenfelder